frame00001.png;bancadas_a;
frame00006.png;bancadas_a;
frame00011.png;bancadas_a;
frame00016.png;bancadas_a;
frame00021.png;bancadas_a;
frame00026.png;bancadas_a;
frame00031.png;bancadas_a;
frame00036.png;bancadas_a;
frame00041.png;bancadas_a;
frame00046.png;bancadas_a;
frame00051.png;bancadas_a;
frame00056.png;bancadas_a;
frame00061.png;bancadas_a;
frame00066.png;bancadas_a;
frame00071.png;bancadas_a;
frame00076.png;bancadas_a;
frame00081.png;bancadas_a;
frame00086.png;bancadas_a;
frame00091.png;bancadas_a;
frame00096.png;bancadas_a;
frame00101.png;bancadas_a;
frame00106.png;bancadas_a;
frame00111.png;bancadas_a;
frame00116.png;bancadas_a;
frame00121.png;bancadas_a;
frame00126.png;bancadas_a;
frame00131.png;bancadas_a;
frame00136.png;bancadas_a;
frame00141.png;bancadas_a;
frame00146.png;bancadas_a;
frame00151.png;bancadas_a;
frame00156.png;bancadas_a;
frame00161.png;bancadas_a;
frame00166.png;bancadas_a;
frame00171.png;bancadas_a;
frame00176.png;bancadas_a;
frame00181.png;bancadas_a;
frame00186.png;bancadas_a;
frame00191.png;corredor;
frame00196.png;corredor;
frame00201.png;corredor;
frame00206.png;corredor;
frame00211.png;bancadas_b;
frame00216.png;bancadas_b;
frame00221.png;bancadas_b;
frame00226.png;bancadas_b;
frame00231.png;bancadas_b;
frame00236.png;bancadas_b;
frame00241.png;bancadas_b;
frame00246.png;bancadas_b;
frame00251.png;bancadas_b;
frame00256.png;bancadas_b;
frame00261.png;bancadas_b;
frame00266.png;bancadas_b;
frame00271.png;bancadas_b;
frame00276.png;bancadas_b;
frame00281.png;bancadas_b;
frame00286.png;bancadas_b;
frame00291.png;bancadas_b;
frame00296.png;bancadas_b;
frame00301.png;bancadas_b;
frame00306.png;bancadas_b;
frame00311.png;bancadas_b;
frame00316.png;bancadas_b;
frame00321.png;bancadas_b;
frame00326.png;bancadas_b;
frame00331.png;bancadas_b;
frame00336.png;bancadas_b;
frame00341.png;bancadas_b;
frame00346.png;bancadas_b;
frame00351.png;bancadas_b;
frame00356.png;bancadas_b;
frame00361.png;bancadas_b;
frame00366.png;bancadas_b;
frame00371.png;bancadas_b;
frame00376.png;bancadas_b;
frame00381.png;bancadas_b;
frame00386.png;bancadas_b;
frame00391.png;bancadas_b;
frame00396.png;bancadas_b;
frame00401.png;bancadas_b;
frame00406.png;bancadas_b;
frame00411.png;bancadas_b;
frame00416.png;bancadas_b;
frame00421.png;bancadas_b;
frame00426.png;bancadas_b;
frame00431.png;bancadas_b;
frame00436.png;bancadas_b;
frame00441.png;bancadas_b;
frame00446.png;bancadas_b;
frame00451.png;bancadas_b;
frame00456.png;corredor;
frame00461.png;corredor;
frame00466.png;corredor;
frame00471.png;corredor;
frame00476.png;corredor;
frame00481.png;corredor;
frame00486.png;corredor;
frame00491.png;corredor;
frame00496.png;corredor;
frame00501.png;corredor;
frame00506.png;corredor;
frame00511.png;corredor;
frame00516.png;corredor;
frame00521.png;corredor;
frame00526.png;corredor;
frame00531.png;corredor;
frame00536.png;corredor;
frame00541.png;corredor;
frame00546.png;corredor;
frame00551.png;corredor;
frame00556.png;corredor;
frame00561.png;corredor;
frame00566.png;corredor;
frame00571.png;corredor;
frame00576.png;corredor;
frame00581.png;corredor;
frame00586.png;corredor;
frame00591.png;corredor;
frame00596.png;corredor;
frame00601.png;corredor;
frame00606.png;corredor;
frame00611.png;corredor;
frame00616.png;corredor;
frame00621.png;corredor;
frame00626.png;corredor;
frame00631.png;corredor;
frame00636.png;corredor;
frame00641.png;corredor;
frame00646.png;corredor;
frame00651.png;corredor;
frame00656.png;corredor;
frame00661.png;corredor;
frame00666.png;corredor;
frame00671.png;corredor;
frame00676.png;corredor;
frame00681.png;corredor;
frame00686.png;corredor;
frame00691.png;corredor;
frame00696.png;corredor;
frame00701.png;corredor;
frame00706.png;corredor;
frame00711.png;corredor;
frame00716.png;corredor;
frame00721.png;corredor;
frame00726.png;corredor;
frame00731.png;corredor;
frame00736.png;corredor;
frame00741.png;corredor;
frame00746.png;corredor;
frame00751.png;corredor;
frame00756.png;corredor;
frame00761.png;corredor;
frame00766.png;corredor;
frame00771.png;corredor;
frame00776.png;corredor;
frame00781.png;corredor;
frame00786.png;corredor;
frame00791.png;corredor;
frame00796.png;corredor;
frame00801.png;corredor;
frame00806.png;corredor;
frame00811.png;corredor;
frame00816.png;corredor;
frame00821.png;corredor;
frame00826.png;corredor;
frame00831.png;corredor;
frame00836.png;corredor;
frame00841.png;corredor;
frame00846.png;corredor;
frame00851.png;corredor;
frame00856.png;corredor;
frame00861.png;corredor;
frame00866.png;corredor;
frame00871.png;corredor;
frame00876.png;corredor;
frame00881.png;bancadas_b;
frame00886.png;bancadas_b;
frame00891.png;bancadas_b;
frame00896.png;bancadas_b;
frame00901.png;bancadas_b;
frame00906.png;bancadas_b;
frame00911.png;bancadas_b;
frame00916.png;bancadas_b;
frame00921.png;bancadas_b;
frame00926.png;bancadas_b;
frame00931.png;bancadas_b;
frame00936.png;bancadas_b;
frame00941.png;bancadas_b;
frame00946.png;bancadas_b;
frame00951.png;bancadas_b;
frame00956.png;bancadas_b;
frame00961.png;bancadas_b;
frame00966.png;bancadas_b;
frame00971.png;bancadas_b;
frame00976.png;bancadas_b;
frame00981.png;bancadas_b;
frame00986.png;bancadas_b;
frame00991.png;bancadas_b;
frame00996.png;bancadas_b;
frame01001.png;bancadas_b;
frame01006.png;bancadas_b;
frame01011.png;bancadas_b;
frame01016.png;bancadas_b;
frame01021.png;bancadas_b;
frame01026.png;bancadas_b;
frame01031.png;bancadas_b;
frame01036.png;bancadas_b;
frame01041.png;bancadas_b;
frame01046.png;bancadas_b;
frame01051.png;bancadas_b;
frame01056.png;bancadas_b;
frame01061.png;bancadas_b;
frame01066.png;bancadas_b;
frame01071.png;bancadas_b;
frame01076.png;bancadas_b;
frame01081.png;bancadas_b;
frame01086.png;bancadas_b;
frame01091.png;bancadas_b;
frame01096.png;bancadas_b;
frame01101.png;bancadas_b;
frame01106.png;bancadas_b;
frame01111.png;bancadas_b;
frame01116.png;bancadas_b;
frame01121.png;bancadas_b;
frame01126.png;bancadas_b;
frame01131.png;bancadas_b;
frame01136.png;bancadas_b;
frame01141.png;bancadas_b;
frame01146.png;bancadas_b;
frame01151.png;bancadas_b;
frame01156.png;bancadas_b;
frame01161.png;bancadas_b;
frame01166.png;bancadas_b;
frame01171.png;bancadas_b;
frame01176.png;bancadas_b;
frame01181.png;bancadas_b;
frame01186.png;bancadas_b;
frame01191.png;bancadas_b;
frame01196.png;bancadas_b;
frame01201.png;bancadas_b;
frame01206.png;bancadas_b;
frame01211.png;bancadas_b;
frame01216.png;bancadas_b;
frame01221.png;bancadas_b;
frame01226.png;bancadas_b;
frame01231.png;bancadas_b;
frame01236.png;bancadas_b;
frame01241.png;bancadas_b;
frame01246.png;corredor;
frame01251.png;corredor;
frame01256.png;corredor;
frame01261.png;corredor;
frame01266.png;corredor;
frame01271.png;corredor;
frame01276.png;corredor;
frame01281.png;corredor;
frame01286.png;corredor;
frame01291.png;corredor;
frame01296.png;corredor;
frame01301.png;corredor;
frame01306.png;corredor;
frame01311.png;corredor;
frame01316.png;corredor;
frame01321.png;corredor;
frame01326.png;corredor;
frame01331.png;corredor;
frame01336.png;corredor;
frame01341.png;corredor;
frame01346.png;corredor;
frame01351.png;armarios;
frame01356.png;armarios;
frame01361.png;armarios;
frame01366.png;armarios;
frame01371.png;armarios;
frame01376.png;armarios;
frame01381.png;armarios;
frame01386.png;armarios;
frame01391.png;armarios;
frame01396.png;armarios;
frame01401.png;armarios;
frame01406.png;armarios;
frame01411.png;armarios;
frame01416.png;armarios;
frame01421.png;armarios;
frame01426.png;armarios;
frame01431.png;armarios;
frame01436.png;armarios;
frame01441.png;armarios;
frame01446.png;armarios;
frame01451.png;armarios;
frame01456.png;armarios;
frame01461.png;armarios;
frame01466.png;armarios;
frame01471.png;armarios;
frame01476.png;armarios;
frame01481.png;armarios;
frame01486.png;armarios;
frame01491.png;armarios;
frame01496.png;armarios;
frame01501.png;armarios;
frame01506.png;armarios;
frame01511.png;armarios;
frame01516.png;armarios;
frame01521.png;armarios;
frame01526.png;armarios;
frame01531.png;armarios;
frame01536.png;armarios;
frame01541.png;armarios;
frame01546.png;armarios;
frame01551.png;armarios;
frame01556.png;armarios;
frame01561.png;armarios;
frame01566.png;armarios;
frame01571.png;armarios;
frame01576.png;armarios;
frame01581.png;armarios;
frame01586.png;armarios;
frame01591.png;armarios;
frame01596.png;armarios;
frame01601.png;armarios;
frame01606.png;armarios;
frame01611.png;armarios;
frame01616.png;armarios;
frame01621.png;armarios;
frame01626.png;armarios;
frame01631.png;armarios;
frame01636.png;armarios;
frame01641.png;armarios;
frame01646.png;armarios;
frame01651.png;armarios;
frame01656.png;armarios;
frame01661.png;armarios;
frame01666.png;armarios;
frame01671.png;armarios;
frame01676.png;armarios;
frame01681.png;armarios;
frame01686.png;armarios;
frame01691.png;armarios;
frame01696.png;armarios;
frame01701.png;armarios;
frame01706.png;armarios;
frame01711.png;armarios;
frame01716.png;armarios;
frame01721.png;armarios;
frame01726.png;armarios;
frame01731.png;armarios;
frame01736.png;armarios;
frame01741.png;armarios;
frame01746.png;armarios;
frame01751.png;porta;
frame01756.png;porta;
frame01761.png;porta;
frame01766.png;porta;
frame01771.png;porta;
frame01776.png;porta;
frame01781.png;porta;
frame01786.png;porta;
frame01791.png;porta;
frame01796.png;porta;
frame01801.png;porta;
frame01806.png;porta;
frame01811.png;porta;
frame01816.png;porta;
frame01821.png;porta;
frame01826.png;porta;
frame01831.png;porta;
frame01836.png;porta;
frame01841.png;porta;
frame01846.png;porta;
frame01851.png;porta;
frame01856.png;porta;
frame01861.png;porta;
frame01866.png;porta;
frame01871.png;porta;
frame01876.png;porta;
frame01881.png;porta;
frame01886.png;porta;
frame01891.png;porta;
frame01896.png;porta;
frame01901.png;porta;
frame01906.png;porta;
frame01911.png;porta;
frame01916.png;porta;
frame01921.png;porta;
frame01926.png;porta;
frame01931.png;porta;
frame01936.png;porta;
frame01941.png;porta;
frame01946.png;porta;
frame01951.png;porta;
frame01956.png;porta;
frame01961.png;porta;
frame01966.png;porta;
frame01971.png;porta;
frame01976.png;porta;
frame01981.png;porta;
frame01986.png;porta;
frame01991.png;porta;
frame01996.png;porta;
frame02001.png;porta;
frame02006.png;porta;
frame02011.png;porta;
frame02016.png;porta;
frame02021.png;porta;
frame02026.png;porta;
frame02031.png;porta;
frame02036.png;porta;
frame02041.png;porta;
frame02046.png;porta;
frame02051.png;porta;
frame02056.png;porta;
frame02061.png;porta;
frame02066.png;porta;
frame02071.png;porta;
frame02076.png;porta;
frame02081.png;porta;
frame02086.png;porta;
frame02091.png;porta;
frame02096.png;porta;
frame02101.png;porta;
frame02106.png;porta;
frame02111.png;porta;
frame02116.png;porta;
frame02121.png;porta;
frame02126.png;porta;
frame02131.png;porta;
frame02136.png;porta;
frame02141.png;porta;
frame02146.png;porta;
frame02151.png;porta;
frame02156.png;porta;
frame02161.png;porta;
frame02166.png;porta;
frame02171.png;porta;
frame02176.png;porta;
frame02181.png;porta;
frame02186.png;porta;
frame02191.png;porta;
frame02196.png;porta;
frame02201.png;porta;
frame02206.png;porta;
frame02211.png;porta;
frame02216.png;armarios;
frame02221.png;armarios;
frame02226.png;armarios;
frame02231.png;armarios;
frame02236.png;armarios;
frame02241.png;armarios;
frame02246.png;armarios;
frame02251.png;armarios;
frame02256.png;armarios;
frame02261.png;armarios;
frame02266.png;armarios;
frame02271.png;armarios;
frame02276.png;armarios;
frame02281.png;armarios;
frame02286.png;armarios;
frame02291.png;armarios;
